nazov,typ,ulica,mesto,krajina,lat,lon,web,ico,popis,zaradenie,stav,zobrazit_na_mape,zdroj_sidla,registrovane,poznamka
Lutra Consulting (LUTRA CONSULTING SK s. r. o.),firma,Obchodná 594/66,Bratislava,SK,48.14846,17.11275,https://www.lutraconsulting.co.uk,57245100,"Vývoj QGIS, Mergin Maps, konzultácie a školenia.",registrovaná organizácia (formulár),overené,áno,RPO api.statistics.sk IČO 57245100; Companies House 09460334 (UK Ltd),2020-11-17,"Slovenská s.r.o. od 17.10.2025; materská firma Lutra Consulting Ltd, Ashford, UK."
"KAJO, s. r. o.",firma,Sládkovičova 228/8,Bytča,SK,49.22024,18.56295,https://www.kajoservices.com,46510052,GIS služby a vývoj.,registrovaná organizácia (formulár),overené,áno,RPO IČO 46510052,2020-11-17,Na rovnakej adrese aj KAJO Services s. r. o. (IČO 57557730).
"Geografický ústav SAV, v. v. i.",institucia,Štefánikova 49,Bratislava,SK,48.15481,17.10578,https://geography.sav.sk,00166545,Výskum v geografii a geoinformatike.,registrovaná organizácia (formulár),overené,áno,RPO IČO 00166545; geography.sav.sk,2020-11-18,
3Dproduction Slovakia s. r. o. (videomanual.eu),firma,Hálova 1019/17,Bratislava,SK,48.12066,17.10712,https://www.videomanual.eu,45388458,Video manuály a videoprodukcia.,registrovaná organizácia (formulár),overené,áno,RPO IČO 45388458; videomanual.eu,2020-11-18,"Štúdio Trenčianska 39, Bratislava."
AMAVET klub č. 962,komunita,Rovniankova 1666/12,Bratislava,SK,48.11513,17.10979,https://amavet962.org,00684040 (AMAVET),"GISkola, popularizácia GIS pre mládež.",registrovaná organizácia (formulár),overené,áno,amavet962.org/kontakt; RPO IČO 00684040 (materský AMAVET),2020-11-18,"Klub pôsobil ako organizačná zložka AMAVET 2015–2023; overiť, či je aktívny."
"Geosupport, s.r.o.",firma,Klenov 120,Klenov (okres Prešov),SK,48.92938,21.05496,https://www.geosupport.sk,51287153,"Geoportály, priestorové analýzy, dokumenty pre obce.",registrovaná organizácia (formulár),overené,áno,ORSR vložka 409220/P; RPO IČO 51287153,2020-12-04,Súradnice = stred obce.
Prešovská univerzita v Prešove,skola,Ul. 17. novembra 3724/15,Prešov,SK,48.99123,21.23289,https://www.unipo.sk,17070775,Katedra geografie a aplikovanej geoinformatiky; výskum QGIS user groups.,registrovaná organizácia (formulár),overené,áno,RPO IČO 17070775,2020-12-04,
Solargis s. r. o.,firma,Bottova 2A (Sky Park),Bratislava,SK,48.14334,17.12617,https://solargis.com,45354766,Solárne dáta a softvér; bronzový sponzor projektu QGIS.,registrovaná organizácia (formulár),overené,áno,RPO IČO 45354766,2021-01-21,Staršia adresa Mýtna 48 už neplatí.
Ministerstvo životného prostredia SR,institucia,Námestie Ľudovíta Štúra 1,Bratislava,SK,48.14042,17.11051,https://www.minzp.sk,42181810,"Geozdroje verejnej správy, INSPIRE.",registrovaná organizácia (formulár),overené,áno,RPO IČO 42181810,2021-01-21,
"Ústav manažmentu STU, Oddelenie priestorového plánovania",skola,Vazovova 5,Bratislava,SK,48.15489,17.11783,https://www.stuba.sk/um.html,00397687 (STU),"Priestorové plánovanie, výučba GIS.",registrovaná organizácia (formulár),overené,áno,stuba.sk/um/kontakty; RPO IČO 00397687,2021-04-22,
Správa a údržba ciest Trnavského samosprávneho kraja,samosprava,Bulharská 39,Trnava,SK,48.3604,17.59742,https://www.spravaciest.sk,37847783,Správa cestnej siete TTSK.,registrovaná organizácia (formulár),overené,áno,RPO IČO 37847783,2021-06-25,
Ministerstvo obrany SR,institucia,Námestie generála Viesta 2,Bratislava,SK,48.16543,17.1303,https://www.mosr.sk,30845572,,registrovaná organizácia (formulár),overené,áno,RPO IČO 30845572; mosr.sk/kontakt,2022-04-19,
Ministerstvo dopravy SR,institucia,Námestie slobody 6,Bratislava,SK,48.15269,17.11342,https://www.mindop.sk,30416094,,registrovaná organizácia (formulár),overené,áno,RPO IČO 30416094,2022-04-20,
Real Forest s. r. o.,firma,Pod papierňou 2580/73,Bardejov,SK,49.29392,21.25504,https://www.realforest.sk,52024725,Lesníctvo a GIS.,registrovaná organizácia (formulár),overené,áno,RPO IČO 52024725,2022-05-29,
Technická univerzita vo Zvolene,skola,Ul. T. G. Masaryka 24,Zvolen,SK,48.57211,19.11794,https://www.tuzvo.sk,00397440,"Lesnícka fakulta, GIS v lesníctve.",registrovaná organizácia (formulár),overené,áno,RPO IČO 00397440,2022-05-29,
"Žilinská univerzita – FPEDAS, Katedra cestnej a mestskej dopravy",skola,Univerzitná 8215/1,Žilina,SK,49.20384,18.75574,https://kcmd.uniza.sk,00397563 (UNIZA),"Dopravné plánovanie, GIS v doprave.",registrovaná organizácia (formulár),overené,áno,kcmd.uniza.sk; RPO IČO 00397563,2023-01-11,
NEKONEČNO | architekti (nekonečno s.r.o.),firma,Zelená stráň 2016/11,Košice,SK,48.72744,21.29538,https://nekonecno.org,47922966,Architektúra a urbanizmus.,registrovaná organizácia (formulár),overené,áno,RPO IČO 47922966; komarch.sk,2023-06-02,"Ateliér Kulturpark, Kukučínova 2, Košice; web momentálne nefunkčný."
"LANDGEO, s.r.o.",firma,Radlinského 1714,Dolný Kubín,SK,49.21099,19.29423,,43877401,Geodézia a GIS.,registrovaná organizácia (formulár),overené,áno,RPO IČO 43877401,2023-07-22,Web landgeo.sk nefunguje.
Dopravný úrad,institucia,Letisko M. R. Štefánika,Bratislava,SK,48.17084,17.21004,https://nsat.sk,42355826,Priestorové informácie v agende úradu.,registrovaná organizácia (formulár),overené,áno,RPO IČO 42355826; nsat.sk/kontaktna-stranka,2023-10-04,
GT DATA s.r.o.,firma,Slnečné stráne 14533/26,Banská Bystrica,SK,48.74907,19.12851,https://gtdata.sk,36620980,GIS konzultácie a riešenia.,registrovaná organizácia (formulár),overené,áno,RPO IČO 36620980; gtdata.sk/kontakt,2024-05-07,"Kancelária Medený Hámor 15, B. Bystrica."
KaNET Software s. r. o.,firma,Jasenica 425,Jasenica (okres Považská Bystrica),SK,49.17946,18.4504,https://www.kanet.sk,57462593,Vývoj PyQGIS aplikácií.,registrovaná organizácia (formulár),overené,áno,RPO IČO 57462593 (nástupca živnosti IČO 36937932),2024-10-21,"Súradnice = stred obce; kontakt Kuzmányho 902, Považská Bystrica."
STU v Bratislave – Fakulta elektrotechniky a informatiky,skola,Ilkovičova 3,Bratislava,SK,48.15192,17.07369,https://www.fei.stuba.sk,00397687 (STU),,registrovaná organizácia (formulár),overené,áno,fei.stuba.sk/ako-nas-najdete,2024-10-21,
Univerzita Komenského v Bratislave – Prírodovedecká fakulta,skola,"Mlynská dolina, Ilkovičova 6",Bratislava,SK,48.14962,17.07088,https://fns.uniba.sk,00397865 (UK),Katedra fyzickej geografie a geoinformatiky.,registrovaná organizácia (formulár),overené,áno,fns.uniba.sk/kontakt; RPO IČO 00397865,2025-01-22,
Univerzita Karlova – Přírodovědecká fakulta,skola,Albertov 6,Praha,CZ,50.06875,14.42428,https://www.natur.cuni.cz,00216208,,registrovaná organizácia (formulár),overené,áno,natur.cuni.cz (pätička); ARES,2024-08-06,
Landmann s.r.o.,firma,Kapucínská 185/8,Mikulov,CZ,48.80542,16.63865,,60736666,Poľnohospodársky podnik.,registrovaná organizácia (formulár),overené,nie,ARES IČO 60736666,2025-01-24,Väzba na doménu stutenhof.eu nepotvrdená; zobrazenie na mape rozhodnúť.
Stavební projekce Radek Jeleček,firma,,,CZ,,,,,Stavebná projekcia (živnosť).,registrovaná organizácia (formulár),neoverené,nie,,2025-11-25,Živnosť fyzickej osoby z ČR; sídlo neoverované.
Slovenská technická univerzita v Bratislave (stuba.sk),skola,Vazovova 5,Bratislava,SK,48.15489,17.11783,https://www.stuba.sk,00397687,,člen s pracovnou e-mailovou adresou – organizáciu treba osloviť,overené,nie,RPO IČO 00397687,2020-11-18,Viacerí členovia zo SvF (geodézia) a FEI.
Žilinská univerzita – Fakulta riadenia a informatiky,skola,Univerzitná 8215/1,Žilina,SK,49.20384,18.75574,https://www.fri.uniza.sk,00397563 (UNIZA),,člen s pracovnou e-mailovou adresou – organizáciu treba osloviť,overené,nie,vysokeskoly.sk; RPO IČO 00397563,2020-11-18,
Univerzita Komenského v Bratislave (uniba.sk),skola,Šafárikovo nám. 6,Bratislava,SK,48.14178,17.11691,https://uniba.sk,00397865,,člen s pracovnou e-mailovou adresou – organizáciu treba osloviť,overené,nie,RPO IČO 00397865,2020-11-27,Člen z PriF UK už registrovaný ako fakulta.
Slovenská poľnohospodárska univerzita v Nitre,skola,Tr. A. Hlinku 2,Nitra,SK,48.30729,18.09354,https://www.uniag.sk,00397482,,člen s pracovnou e-mailovou adresou – organizáciu treba osloviť,overené,nie,RPO IČO 00397482,2020-12-03,
"RELAND, s.r.o.",firma,Rybné nám. 1,Bratislava,SK,48.14049,17.10508,https://www.reland.com,45305854,,člen s pracovnou e-mailovou adresou – organizáciu treba osloviť,overené čiastočne,nie,RPO IČO 45305854,2021-08-06,Totožnosť reland.sk s reland.com nepotvrdená.
AKUSON s. r. o.,firma,Radvanská 10,Bratislava,SK,48.14564,17.08905,https://www.akuson.sk,47193611,"Geodézia, GIS.",člen s pracovnou e-mailovou adresou – organizáciu treba osloviť,overené,nie,RPO IČO 47193611; akuson.sk,2021-12-17,Kancelárie Cukrová 14 BA a Spišská Nová Ves.
Mesto Bánovce nad Bebravou,samosprava,Nám. Ľ. Štúra 1/1,Bánovce nad Bebravou,SK,48.71858,18.25803,https://www.banovce.sk,00310182,,člen s pracovnou e-mailovou adresou – organizáciu treba osloviť,overené,nie,RPO IČO 00310182,2022-08-30,
Štátny geologický ústav Dionýza Štúra,institucia,Mlynská dolina 1,Bratislava,SK,48.16637,17.07792,https://www.geology.sk,31753604,,člen s pracovnou e-mailovou adresou – organizáciu treba osloviť,overené,nie,RPO IČO 31753604,2023-02-13,
Štátna ochrana prírody SR,institucia,Tajovského 28B,Banská Bystrica,SK,48.73979,19.12922,https://www.sopsr.sk,17058520,,člen s pracovnou e-mailovou adresou – organizáciu treba osloviť,overené,nie,RPO IČO 17058520,2023-12-15,
Ekonomická univerzita v Bratislave,skola,Dolnozemská cesta 1,Bratislava,SK,48.12953,17.13075,https://www.euba.sk,00399957,,člen s pracovnou e-mailovou adresou – organizáciu treba osloviť,overené,nie,RPO IČO 00399957,2024-09-03,
AmigoNet s.r.o.,firma,Pražská 129/144,Ústí nad Labem,CZ,50.62626,14.05377,https://www.amigonet.cz,27279448,Internet a hosting.,člen s pracovnou e-mailovou adresou – organizáciu treba osloviť,overené,nie,ARES IČO 27279448,2024-08-20,
GTSI (gtsi.sk),firma,,,SK,,,,,,člen s pracovnou e-mailovou adresou – organizáciu treba osloviť,neoverené,nie,RPO: žiadny subjekt GTSI; web 403,2025-02-11,"Možná súvislosť s GTS.SK, s.r.o., Lúčky – nepotvrdené."
Mesto Banská Bystrica,samosprava,Československej armády 26,Banská Bystrica,SK,48.73837,19.15633,https://www.banskabystrica.sk,00313271,Územné plánovanie.,člen s pracovnou e-mailovou adresou – organizáciu treba osloviť,overené,nie,RPO IČO 00313271,2026-08-18,
